-- TAG TABLE
INSERT INTO tag(id,"name","description") VALUES (1,'windows','Tag for questions related to the windows operating system');
INSERT INTO tag(id,"name","description") VALUES (2,'linux','Tag for questions related to linux based distributions');
INSERT INTO tag(id,"name","description") VALUES (3,'gnome','Tag for questions related to the GNOME desktop environment');
INSERT INTO tag(id,"name","description") VALUES (4,'cmd','Tag for questions related to the Windows command line');
INSERT INTO tag(id,"name","description") VALUES (5,'powershell','Tag for questions related to Powershell');
INSERT INTO tag(id,"name","description") VALUES (6,'visual-studio-code','Tag for questions related to Microsoft''s Visual Studio Code (VSCode)');
INSERT INTO tag(id,"name","description") VALUES (7,'git','Tag for questions related to Git, a version control system');
INSERT INTO tag(id,"name","description") VALUES (8,'node.js','Tag for questions related to Node.js, a JavaScript runtime ');
INSERT INTO tag(id,"name","description") VALUES (9,'markdown','Tag for questions related to Markdown, a lightweight markup language');
INSERT INTO tag(id,"name","description") VALUES (10,'circle-ci','Tag for questions related to Circle CI, a tool for automating development process with continuous integration');
INSERT INTO tag(id,"name","description") VALUES (11,'docker','Tag for questions related to Docker, a fast tool for containerizing applications');
INSERT INTO tag(id,"name","description") VALUES (12,'intellij','Tag for questions related to IntelliJ, a very smart and clean Java IDE');
INSERT INTO tag(id,"name","description") VALUES (13,'ide','Tag for questions related to Integrated Development Environment');
INSERT INTO tag(id,"name","description") VALUES (14,'python','Tag for questions related to Python');
INSERT INTO tag(id,"name","description") VALUES (15,'java','Tag for questions related to Java');
INSERT INTO tag(id,"name","description") VALUES (16,'c/c++','Tag for questions related to C/C++');
INSERT INTO tag(id,"name","description") VALUES (17,'php','Tag for questions related to PHP');
INSERT INTO tag(id,"name","description") VALUES (18,'html/css','Tag for questions related to HTML and CSS');
INSERT INTO tag(id,"name","description") VALUES (19,'javascript','Tag for questions related to JavaScript');
INSERT INTO tag(id,"name","description") VALUES (20,'regex','Tag for questions related to Regex (Regular Expressions)');
INSERT INTO tag(id,"name","description") VALUES (21,'xml','Tag for questions related to XML');
INSERT INTO tag(id,"name","description") VALUES (22,'programming','Tag for questions related to general programming (or non listed on the tags) programming languages');
INSERT INTO tag(id,"name","description") VALUES (23,'algorithms','Tag for questions related to algorithms');
INSERT INTO tag(id,"name","description") VALUES (24,'api','Tag for questions related to APIs');
INSERT INTO tag(id,"name","description") VALUES (25,'web-scraping','Tag for questions related to web scraping');
INSERT INTO tag(id,"name","description") VALUES (26,'discord','Tag for questions related to Discord');
INSERT INTO tag(id,"name","description") VALUES (27,'json','Tag for questions related to Java Script Object Notation');
INSERT INTO tag(id,"name","description") VALUES (28,'pandas','Tag for questions related to Pandas Python library');
INSERT INTO tag(id,"name","description") VALUES (29,'numpy','Tag for questions related to Numpy Python library');
INSERT INTO tag(id,"name","description") VALUES (30,'sql','Tag for questions related to SQL');
INSERT INTO tag(id,"name","description") VALUES (31,'database','Tag for questions related to database');
INSERT INTO tag(id,"name","description") VALUES (32,'security','Tag for questions related to security');
INSERT INTO tag(id,"name","description") VALUES (33,'machine-learning','Tag for questions related to machine learning');
INSERT INTO tag(id,"name","description") VALUES (34,'ai','Tag for questions related to AI');
INSERT INTO tag(id,"name","description") VALUES (35,'smartphones','Tag for questions related to Smartphones');
INSERT INTO tag(id,"name","description") VALUES (36,'iphone','Tag for questions related to iPhone');
INSERT INTO tag(id,"name","description") VALUES (37,'galaxy','Tag for questions related to Galaxy');
INSERT INTO tag(id,"name","description") VALUES (38,'xiaomi','Tag for questions related to Xiaomi');
INSERT INTO tag(id,"name","description") VALUES (39,'flutter','Tag for questions related to Flutter');
INSERT INTO tag(id,"name","description") VALUES (40,'dom','Tag for questions related to DOM');
INSERT INTO tag(id,"name","description") VALUES (41,'graphics-card','Tag for questions related to graphic cards');
INSERT INTO tag(id,"name","description") VALUES (42,'videos','Tag for questions related to videos');
INSERT INTO tag(id,"name","description") VALUES (43,'photos','Tag for questions related to photos');
INSERT INTO tag(id,"name","description") VALUES (44,'android','Tag for questions related to android');
INSERT INTO tag(id,"name","description") VALUES (45,'ios','Tag for questions related to iOS');
INSERT INTO tag(id,"name","description") VALUES (46,'playstation','Tag for questions related to PlayStation');
INSERT INTO tag(id,"name","description") VALUES (47,'xbox','Tag for questions related to XBOX');
INSERT INTO tag(id,"name","description") VALUES (48,'mac','Tag for questions related to Mac');
INSERT INTO tag(id,"name","description") VALUES (49,'data-science','Tag for questions related to Data Science');
INSERT INTO tag(id,"name","description") VALUES (50,'web-applications','Tag for questions related to Web Applications');
INSERT INTO tag(id,"name","description") VALUES (51,'cloud','Tag for questions related to Cloud');
INSERT INTO tag(id,"name","description") VALUES (52,'google-drive','Tag for questions related to Google Drive');
INSERT INTO tag(id,"name","description") VALUES (53,'social-media','Tag for questions related to Social Media');
INSERT INTO tag(id,"name","description") VALUES (54,'testing','Tag for questions related to Software Testing');
INSERT INTO tag(id,"name","description") VALUES (55,'tv','Tag for questions related to TVs');
INSERT INTO tag(id,"name","description") VALUES (56,'sony','Tag for questions related to Sony');
INSERT INTO tag(id,"name","description") VALUES (57,'samsung','Tag for questions related to Samsung');
INSERT INTO tag(id,"name","description") VALUES (58,'keyboard','Tag for questions related to Keyboards');
INSERT INTO tag(id,"name","description") VALUES (59,'mouse','Tag for questions related to Mouses');
INSERT INTO tag(id,"name","description") VALUES (60,'monitor','Tag for questions related to Monitors');
INSERT INTO tag(id,"name","description") VALUES (61,'memory-card','Tag for questions related to memory cards and disk storage');
INSERT INTO tag(id,"name","description") VALUES (62,'computers','Tag for questions related to computers');
INSERT INTO tag(id,"name","description") VALUES (63,'computer-vision','Tag for questions related to computer vision');
INSERT INTO tag(id,"name","description") VALUES (64,'networks','Tag for questions related to computer networks ');
INSERT INTO tag(id,"name","description") VALUES (65,'youtube','Tag for questions related to the YouTube platform');



-- PHOTO TABLE
INSERT INTO photo(id,path) VALUES (1,'assets/photos/user-default.png');
INSERT INTO photo(id,path) VALUES (2,'assets/photos/user1.png');
INSERT INTO photo(id,path) VALUES (3,'assets/photos/user2.png');
INSERT INTO photo(id,path) VALUES (4,'assets/photos/user3.png');
INSERT INTO photo(id,path) VALUES (5,'assets/photos/user4.png');
INSERT INTO photo(id,path) VALUES (6,'assets/photos/user5.png');
INSERT INTO photo(id,path) VALUES (7,'assets/photos/user6.png');
INSERT INTO photo(id,path) VALUES (8,'assets/photos/user7.png');
INSERT INTO photo(id,path) VALUES (9,'assets/photos/user8.png');
INSERT INTO photo(id,path) VALUES (10,'assets/photos/user9.png');
INSERT INTO photo(id,path) VALUES (11,'assets/photos/user10.png');
INSERT INTO photo(id,path) VALUES (12,'assets/photos/user11.png');
INSERT INTO photo(id,path) VALUES (13,'assets/photos/user12.png');
INSERT INTO photo(id,path) VALUES (14,'assets/photos/user13.png');
INSERT INTO photo(id,path) VALUES (15,'assets/photos/user14.png');
INSERT INTO photo(id,path) VALUES (16,'assets/photos/user15.png');
INSERT INTO photo(id,path) VALUES (17,'assets/photos/user16.png');
INSERT INTO photo(id,path) VALUES (18,'assets/photos/user17.png');
INSERT INTO photo(id,path) VALUES (19,'assets/photos/user18.png');
INSERT INTO photo(id,path) VALUES (20,'assets/photos/user19.png');
INSERT INTO photo(id,path) VALUES (21,'assets/photos/user20.png');



-- USER TABLE
INSERT INTO user(id,email,"name","password",join_date,reputation,bio,banned,expert,profile_photo) VALUES (1,'francisco.friande@fe.up.pt','Francisco Friande','abcd1234','3/14/2021','300','My name is Francisco Friande, I am 23 years old and I live in Bắc Giang, Vietnam. I''m interested in Photos and Videos','False','True',1);
INSERT INTO user(id,email,"name","password",join_date,reputation,bio,banned,expert,profile_photo) VALUES (2,'francisco.jpg@fe.up.pt','Francisco Gonçalves','abcd1234','3/13/2021','300','My name is Francisco Gonçalves, I am 21 years old and I live in Porto, Portugal. I''m interested in Android, Keras, Data and JavaScript','False','True',2);
INSERT INTO user(id,email,"name","password",join_date,reputation,bio,banned,expert,profile_photo) VALUES (3,'joao.romao@fe.up.pt','João Romão','abcd1234','11/23/2020','300','My name is João Romão, I am 20 years old and I live in Raghunathpur, India. I''m interested in PyCharm, Eclipse and Mac','False','True',3);
INSERT INTO user(id,email,"name","password",join_date,reputation,bio,banned,expert,profile_photo) VALUES (4,'miguel.pinto@fe.up.pt','Miguel Pinto','abcd1234','10/27/2020','300','My name is Miguel Pinto, I am 22 years old and I live in Moscow, Russia. I''m interested in Keyboards, Linux and Mac','False','True',4);
INSERT INTO user(id,email,"name","password",join_date,reputation,bio,banned,expert,profile_photo) VALUES (5,'cmoore4@amazonaws.com','Cross Moore','AxUsJgBEn2Ho','5/27/2020','45','My name is Cross Moore, I am 31 years old and I live in Kundiān, Pakistan. I''m interested in CMD, Powershell, Linux and Angular','False','False',5);
INSERT INTO user(id,email,"name","password",join_date,reputation,bio,banned,expert,profile_photo) VALUES (6,'lwooder5@msu.edu','Lazarus Wooder','5s4jTtiaIF','12/23/2020','63','My name is Lazarus Wooder, I am 25 years old and I live in Paradise, Trinidad and Tobago. I''m interested in XML, Excel, Security and Xiamoi','False','False',6);
INSERT INTO user(id,email,"name","password",join_date,reputation,bio,banned,expert,profile_photo) VALUES (7,'lbrashier6@eepurl.com','Luce Brashier','rAg8du5by1','2021-09-02 00:00:00','182','My name is Luce Brashier, I am 18 years old and I live in Nagqu, China. I''m interested in Photo Editing, DOM, CMD and Regex','False','False',7);
INSERT INTO user(id,email,"name","password",join_date,reputation,bio,banned,expert,profile_photo) VALUES (8,'bfolshom7@squarespace.com','Bess Folshom','voYYQCTAwkfD','2020-05-07 00:00:00','53','My name is Bess Folshom, I am 57 years old and I live in Dobryanka, Russia. I''m interested in Eclipse and HP','True','True',8);
INSERT INTO user(id,email,"name","password",join_date,reputation,bio,banned,expert,profile_photo) VALUES (9,'srugg8@bigcartel.com','Shaylynn Rugg','oz6pj9FVuRS','2020-12-05 00:00:00','11','My name is Shaylynn Rugg, I am 32 years old and I live in Västervik, Sweden. I''m interested in XML and Cloud','False','False',9);
INSERT INTO user(id,email,"name","password",join_date,reputation,bio,banned,expert,profile_photo) VALUES (10,'byates9@blogs.com','Babita Yates','uwIj0udAAh1T','11/30/2020','0','My name is Babita Yates, I am 25 years old and I live in Chilakalūrupet, India. I''m interested in Web Applications, Algorithms, Circle CI and PlayStation','True','False',10);
INSERT INTO user(id,email,"name","password",join_date,reputation,bio,banned,expert,profile_photo) VALUES (11,'fcastagnea@berkeley.edu','Florella Castagne','tCJNfDHPDqLC','11/28/2020','121','My name is Florella Castagne, I am 34 years old and I live in Hanawa, Japan. I''m interested in Keyboard and Samsung','False','True',11);
INSERT INTO user(id,email,"name","password",join_date,reputation,bio,banned,expert,profile_photo) VALUES (12,'bclaringboldb@utexas.edu','Boony Claringbold','4BAsdPSQTSq2','9/23/2020','80','My name is Boony Claringbold, I am 57 years old and I live in ’Aïn el Turk, Algeria. I''m interested in Google Drive and PHP','False','False',12);
INSERT INTO user(id,email,"name","password",join_date,reputation,bio,banned,expert,profile_photo) VALUES (13,'hbetancourtc@altervista.org','Hakeem Betancourt','4KdRnq0P','2020-10-08 00:00:00','193','My name is Hakeem Betancourt, I am 43 years old and I live in Forlì, Italy. I''m interested in Mouse','False','True',13);
INSERT INTO user(id,email,"name","password",join_date,reputation,bio,banned,expert,profile_photo) VALUES (14,'sfitterd@instagram.com','Stanleigh Fitter','0DuTgKXLfNz','7/17/2020','22','My name is Stanleigh Fitter, I am 47 years old and I live in Oria, Spain. I''m interested in PHP','False','False',14);
INSERT INTO user(id,email,"name","password",join_date,reputation,bio,banned,expert,profile_photo) VALUES (15,'alikelye@goo.gl','Adelbert Likely','eBc1GGJjr','2021-07-02 00:00:00','145','My name is Adelbert Likely, I am 52 years old and I live in Harburg, Germany. I''m interested in Web Scraping, Apache and XML','False','True',15);
INSERT INTO user(id,email,"name","password",join_date,reputation,bio,banned,expert,profile_photo) VALUES (16,'oapperleyf@msu.edu','Olivier Apperley','olm9AJQ6','2020-01-08 00:00:00','4','My name is Olivier Apperley, I am 59 years old and I live in Kōnosu, Japan. I''m interested in Cloud and SQL','False','False',16);
INSERT INTO user(id,email,"name","password",join_date,reputation,bio,banned,expert,profile_photo) VALUES (17,'icasierg@cnbc.com','Inez Casier','q0xxlN','6/26/2020','110','My name is Inez Casier, I am 21 years old and I live in Burg Unter-Falkenstein, Germany. I''m interested in Eclipse','True','True',17);
INSERT INTO user(id,email,"name","password",join_date,reputation,bio,banned,expert,profile_photo) VALUES (18,'cpatshullh@sciencedaily.com','Chrysa Patshull','lrhgX7t7W0IX','2021-12-03 00:00:00','31','My name is Chrysa Patshull, I am 19 years old and I live in Nabatîyé et Tahta, Lebanon. I''m interested in Oracle and C#','False','False',18);
INSERT INTO user(id,email,"name","password",join_date,reputation,bio,banned,expert,profile_photo) VALUES (19,'cgasperoi@ehow.com','Casandra Gaspero','Gt1bU5IgcQvg','2021-12-03 00:00:00','31','My name is Casandra Gaspero, I am 44 years old and I live in Shāhpura, India. I''m interested in Regex','False','False',19);
INSERT INTO user(id,email,"name","password",join_date,reputation,bio,banned,expert,profile_photo) VALUES (20,'paulocarvalho6@youtu.be','Paulo Carvalho','PsQoQaZn','4/23/2020','110','My name is Paulo Carvalho, I am 34 years old and I live in Funchal, Portugal. I''m interested in Data Science and PyCharm','False','True',20);



-- CONTENT TABLE
INSERT INTO content(id,main,creation_date,modification_date,author_id) VALUES (1,'Are there any issues with using <code>async</code>/<code>await</code> in a <code>forEach</code> loop? I&#39;m trying to loop through an array of files and <code>await</code> on the contents of each file.
<pre><code class="lang-js"><span class="hljs-keyword">import</span> fs <span class="hljs-keyword">from</span> <span class="hljs-string">"fs-promise"</span>;

<span class="hljs-keyword">async</span> <span class="hljs-function"><span class="hljs-keyword">function</span> <span class="hljs-title">printFiles</span>(<span class="hljs-params"></span>) </span>{
  <span class="hljs-keyword">const</span> files = <span class="hljs-keyword">await</span> getFilePaths(); <span class="hljs-comment">// Assume this works fine</span>

  files.forEach(<span class="hljs-keyword">async</span> (file) =&gt; {
    <span class="hljs-keyword">const</span> contents = <span class="hljs-keyword">await</span> fs.readFile(file, <span class="hljs-string">"utf8"</span>);
    <span class="hljs-built_in">console</span>.log(contents);
  });
}

printFiles();
</code></pre>
This code does work, but could something go wrong with this? I had someone tell me that you&#39;re not supposed to use <code>async</code>/<code>await</code> in a higher-order function like this, so I just wanted to ask if there was any issue with this.','2021-02-19 10:16:07','2021-02-19 23:28:07.104000',5);
INSERT INTO content(id,main,creation_date,modification_date,author_id) VALUES (2,'How can you find out which process is listening on a TCP or UDP port on Windows?','2021-02-19 10:44:55.104000','NaT',6);
INSERT INTO content(id,main,creation_date,modification_date,author_id) VALUES (3,'If I go to settings -&gt; iCloud -&gt; manage storage There are 2 categories:
<ol>
<li>Backups (118 GB)</li>
<li>Photos (18.3 GB)</li>
</ol>
In my backups, there&#39;s photo library (109.25 GB)
I&#39;m confused, what&#39;s the difference between storing my photos in iCloud and backing them up then storing them in iCloud.
What happens if I click on &quot; turn off and delete&quot; the backup for my photo library?','2021-02-19 11:13:43.104000','NaT',7);
INSERT INTO content(id,main,creation_date,modification_date,author_id) VALUES (4,'<code>pip</code> is a replacement for <code>easy_install</code>. But should I install <code>pip</code> using <code>easy_install</code> on Windows? Is there a better way?','2021-02-19 11:42:31.104000','NaT',8);
INSERT INTO content(id,main,creation_date,modification_date,author_id) VALUES (5,'How to remove the debug banner in flutter?
I am using flutter screenshot and I would like the screenshot not to have banner. Now it does have.
Note that I get not supported for emulator message for profile and release mode.
','2021-02-19 12:11:19.104000','NaT',9);
INSERT INTO content(id,main,creation_date,modification_date,author_id) VALUES (6,'I have a question. I am subscribed to PS+, and I started downloading a free game in June. Can I download it anytime I want or is there a deadline before they charge me for it?','2021-02-19 12:40:07.104000','NaT',10);
INSERT INTO content(id,main,creation_date,modification_date,author_id) VALUES (7,'I am really interested in AI and want to start programming in this field. What are the various areas within AI? e.g. Neural Networks etc.
What book can be recommended for a beginner in AI and are there any preferred languages used in the field of AI?
What book can be recommended for a beginner in AI and are there any preferred languages used in the field of AI?','2021-02-19 13:08:55.104000','NaT',11);
INSERT INTO content(id,main,creation_date,modification_date,author_id) VALUES (8,'I am an amateur game developer, and I&#39;ve been reading a lot on how computer graphics rendering works lately. I was reading on the Z-buffer recently and I can&#39;t quite seem to be able to wrap my head around what exactly the Z-buffer looks like in terms of memory. It&#39;s described to contain depth information for each fragment that will be drawn on-screen, and that modern Z-buffers have 32-bits, so would that mean that on a, let&#39;s say, 1920x1080 screen it&#39;d be just above 8MB (1920 <em> 1080 </em> 32) per frame?
I still don&#39;t quite understand what this value would be to a GPU (maybe it can crunch it easily), or if this value is even correct. Most demostrative implementations I found implement the Z-buffer as a simple array with size (height * width), so I&#39;m basing myself off of that.','2021-02-19 13:37:43.104000','NaT',12);
INSERT INTO content(id,main,creation_date,modification_date,author_id) VALUES (9,'When viewing videos with the YouTube app, constant info message popups during playback shows. Videos that show those info popups show a white circle with the letter &#39;i&#39;.
Is there a way to disable that?','2021-02-19 14:06:31.104000','NaT',13);
INSERT INTO content(id,main,creation_date,modification_date,author_id) VALUES (10,'Can I use comments inside a JSON file? If so, how?','2021-02-19 14:35:19.104000','2021-02-19 15:47:19.104000',14);
INSERT INTO content(id,main,creation_date,modification_date,author_id) VALUES (11,'Sure the code does work, but I&#39;m pretty sure it doesn&#39;t do what you expect it to do. It just fires off multiple asynchronous calls, but the <code>printFiles</code> function does immediately return after that.
<h3 id="reading-in-sequence">Reading in sequence</h3>
If you want to read the files in sequence, you cannot use forEach indeed. Just use a modern for … of loop instead, in which await will work as expected:
<pre><code class="lang-js"><span class="hljs-keyword">async</span> <span class="hljs-function"><span class="hljs-keyword">function</span> <span class="hljs-title">printFiles</span>(<span class="hljs-params"></span>) </span>{
  <span class="hljs-keyword">const</span> files = <span class="hljs-keyword">await</span> getFilePaths();

  <span class="hljs-keyword">for</span> (<span class="hljs-keyword">const</span> file <span class="hljs-keyword">of</span> files) {
- <span class="hljs-keyword">const</span> contents = <span class="hljs-keyword">await</span> fs.readFile(file, <span class="hljs-string">"utf8"</span>);
- <span class="hljs-built_in">console</span>.log(contents);
  }
}
</code></pre>
<h3 id="reading-in-parallel">Reading in parallel</h3>
If you want to read the files in parallel, you cannot use <code>forEach</code> indeed. Each of the <code>async</code> callback function calls does return a promise, but you&#39;re throwing them away instead of awaiting them. Just use map instead, and you can await the array of promises that you&#39;ll get with <code>Promise.all</code>:
```js
async function printFiles() {
  const files = await getFilePaths();
  await Promise.all(
<ul>
<li>files.map(async (file) =&gt; {</li>
<li>const contents = await fs.readFile(file, &quot;utf8&quot;);</li>
<li>console.log(contents);</li>
<li>})
);
}</li>
</ul>
','2021-02-19 15:04:07.104000','NaT',20);
INSERT INTO content(id,main,creation_date,modification_date,author_id) VALUES (12,'<pre><code class="lang-js"><span class="hljs-keyword">const</span> { forEach } = <span class="hljs-built_in">require</span>(<span class="hljs-string">"p-iteration"</span>);
<span class="hljs-keyword">const</span> fs = <span class="hljs-built_in">require</span>(<span class="hljs-string">"fs-promise"</span>);

<span class="hljs-keyword">async</span> <span class="hljs-function"><span class="hljs-keyword">function</span> <span class="hljs-title">printFiles</span>(<span class="hljs-params"></span>) </span>{
  <span class="hljs-keyword">const</span> files = <span class="hljs-keyword">await</span> getFilePaths();

  <span class="hljs-keyword">await</span> forEach(files, <span class="hljs-keyword">async</span> (file) =&gt; {
    <span class="hljs-keyword">const</span> contents = <span class="hljs-keyword">await</span> fs.readFile(file, <span class="hljs-string">"utf8"</span>);
    <span class="hljs-built_in">console</span>.log(contents);
  });
}
</code></pre>','2021-02-19 15:32:55.104000','NaT',19);
INSERT INTO content(id,main,creation_date,modification_date,author_id) VALUES (13,'<h3 id="on-powershell">On Powershell</h3>
TCP
<pre><code><span class="hljs-keyword">Get</span>-Process -Id (<span class="hljs-keyword">Get</span>-NetTCPConnection -LocalPort YourPortNumberHere).OwningProcess
</code></pre>UDP
<pre><code><span class="hljs-keyword">Get</span>-Process -Id (<span class="hljs-keyword">Get</span>-NetUDPEndpoint -LocalPort YourPortNumberHere).OwningProcess
</code></pre><h3 id="on-cmd">On CMD</h3>
<pre><code>C:\&gt; netstat -<span class="hljs-selector-tag">a</span> -b
</code></pre>','2021-02-19 16:01:43.104000','NaT',18);
INSERT INTO content(id,main,creation_date,modification_date,author_id) VALUES (14,'Cloud Photos is for syncing between your devices and replacing your photos if you lose your device. It retains a full copy of your photos in iCloud (accessible on iCloud.com as well).

iCloud Backup is a one-way backup of your current photo library on your device. It can only be restored by restoring your entire iCloud Backup.

You can safely turn off Photos from your backup - unless you prefer to manually manage your photos, I'd recommend doing this instead of turning off iCloud Photos.

If iCloud Photo Library is on, there will be a note saying "Photo Library is backed up separately as part of iCloud Photos" - if you don't see this message, double check that your device is actually syncing with iCloud Photos. You can do this in the Photos Setting or in iCloud Settings > Photos.','2021-02-19 16:30:31.104000','NaT',17);
INSERT INTO content(id,main,creation_date,modification_date,author_id) VALUES (15,'<pre><code><span class="hljs-keyword">python</span> <span class="hljs-built_in">get</span>-pip.<span class="hljs-keyword">py</span>
</code></pre>','2021-02-19 16:59:19.104000','NaT',16);
INSERT INTO content(id,main,creation_date,modification_date,author_id) VALUES (16,'On your <code>MaterialApp</code> set <code>debugShowCheckedModeBanner</code> to <code>false</code>.
<pre><code class="lang-dart"><span class="hljs-selector-tag">MaterialApp</span>(
  <span class="hljs-attribute">debugShowCheckedModeBanner</span>: false,
)
</code></pre>
The debug banner will also automatically be removed on release build.
','2021-02-19 17:28:07.104000','NaT',15);
INSERT INTO content(id,main,creation_date,modification_date,author_id) VALUES (17,'Once you added the PS+ game to your library, you can download and play it any time, as long as you still have PS+. If you stop having PS+, you can no longer play/download the game AFAIK.','2021-02-19 17:56:55.104000','NaT',14);
INSERT INTO content(id,main,creation_date,modification_date,author_id) VALUES (18,'Classical application areas of AI:
<ul>
<li>Robotics</li>
<li>Search</li>
<li>Natural Language Processing</li>
<li>Knowledge Representation / Expert Systems</li>
<li>Planning / Scheduling</li>
</ul>
Various algorithmic approaches:
<ul>
<li>Neural Networks</li>
<li>Evolutionary / Genetic Algorithms</li>
<li>Automatic Reasoning</li>
<li>Logic Programming</li>
<li>Probablilistic Approaches</li>
</ul>
Recommendable books:
<ul>
<li>Norvig, Russel: Artificial Intelligence - A Modern Approach</li>
<li>Norvig: Paradigms of Artificial Intelligence Programming (uses Lisp)</li>
<li>Bratko: Prolog Programming for Artificial Intelligence</li>
</ul>
Recommendable programming languages:
<ul>
<li>Prolog</li>
<li>Lisp</li>
<li>Java (many algorithms are discussed in Java nowadays)</li>
</ul>
There are also a number of interesting answers to this question (which sort of covers the same ground).','2021-02-19 18:25:43.104000','NaT',13);
INSERT INTO content(id,main,creation_date,modification_date,author_id) VALUES (19,'The Z buffer used to be specialized memory set aside for a single purpose, some web sites still explain it like that, but no longer.
Now the Z buffer is just a chunk of memory you allocate, or an API like OpenGL allocates on your behalf.
The size of that chunk of memory will depend on the type of the Z buffer values, in the example you gave it is a 32bit [floating point] values, but 24 bits is also very common. Always choose the smallest size the program needs as it can have a large effect on the performance of the application. It is indeed multiplied by the size of framebuffer so 8mb is correct for the example you gave.
The values that get stored in it are the depth values for any geometry drawn to the associated framebuffer. It is important to realize that these values are NOT the linear values of the MVP matrix computed in the vertex shader so the Z buffer can not be used for things like shadow maps.
Fragments resulting from each draw call have their depth values tested against existing values in the Z buffer and if the test passes the GPU will write that fragment and update the Z buffer with the new value, if not the fragment gets discarded and the Z buffer is left untouched.
A few other little details:
The Z buffer is generally cleared at the beginning of each frame with a clear value that can be set (or must be set) via the API. This becomes the default value that writes to the Z buffer are tested against.
GPU&#39;s have specialized hardware for writing the Z buffer, this hardware can speed up writing to memory by a factor of 2 or more and can be leveraged when creating things like shadow maps, so it is not limited for use with just the Z buffer.
Depth testing can be turned off/on for each draw call, which can be useful.
','2021-02-19 18:54:31.104000','NaT',12);
INSERT INTO content(id,main,creation_date,modification_date,author_id) VALUES (20,'No.
The JSON is data only, and if you include a comment, then it will be data too.
You could have a designated data element called &quot;_comment&quot; (or something) that should be ignored by apps that use the JSON data.
You would probably be better having the comment in the processes that generates/receives the JSON, as they are supposed to know what the JSON data will be in advance, or at least the structure of it.','2021-02-19 19:23:19.104000','NaT',11);
INSERT INTO content(id,main,creation_date,modification_date,author_id) VALUES (21,'Could you please explain why does <code>for ... of ...</code> work?','2021-02-19 19:52:07.104000','NaT',18);
INSERT INTO content(id,main,creation_date,modification_date,author_id) VALUES (22,'Ok i know why... Using <strong>Babel</strong> will transform <code>async</code>/<code>await</code> to generator function and using <code>forEach</code> means that each iteration has an individual generator function, which has nothing to do with the others. so they will be executed independently and has no context of <code>next()</code> with others. Actually, a simple <code>for()</code> loop also works because the iterations are also in one single generator function.
','2021-02-19 20:20:55.104000','NaT',19);
INSERT INTO content(id,main,creation_date,modification_date,author_id) VALUES (23,'In short, because it was designed to work :-) await suspends the current function evaluation, including all control structures. Yes, it is quite similar to generators in that regard (which is why they are used to polyfill async/await).','2021-02-19 20:49:43.104000','NaT',20);
INSERT INTO content(id,main,creation_date,modification_date,author_id) VALUES (24,'So <code>files.map(async (file) =&gt; ...</code> is equivalent to <code>files.map((file) =&gt; new Promise((rej, res) =&gt; { ...</code>?','2021-02-19 21:18:31.104000','NaT',18);
INSERT INTO content(id,main,creation_date,modification_date,author_id) VALUES (25,'Not really, an async function is quite different from a Promise executor callback, but yes the map callback returns a promise in both cases.
','2021-02-19 21:47:19.104000','NaT',20);
INSERT INTO content(id,main,creation_date,modification_date,author_id) VALUES (26,'When you come to learn about JS promises, but instead use half an hour translating latin ;)
','2021-02-19 22:16:07.104000','NaT',20);
INSERT INTO content(id,main,creation_date,modification_date,author_id) VALUES (27,'Worked for me! Thanks a lot!','2021-02-19 22:44:55.104000','NaT',7);
INSERT INTO content(id,main,creation_date,modification_date,author_id) VALUES (28,'You''re welcome :D','2021-02-19 23:13:43.104000','NaT',6);
INSERT INTO content(id,main,creation_date,modification_date,author_id) VALUES (29,'Worked for me on Powershell. Thanks!','2021-02-19 23:42:31.104000','NaT',9);
INSERT INTO content(id,main,creation_date,modification_date,author_id) VALUES (30,'You''re welcome :)','2021-02-20 00:11:19.104000','NaT',8);
INSERT INTO content(id,main,creation_date,modification_date,author_id) VALUES (31,'Great question. Should be bountied!','2021-02-20 00:40:07.104000','NaT',10);
INSERT INTO content(id,main,creation_date,modification_date,author_id) VALUES (32,'I really need an answer for this!','2021-02-20 01:08:55.104000','NaT',11);



-- QUESTION TABLE
INSERT INTO question(id,title,votes_difference) VALUES (1,'Using async/await with a forEach loop',2);
INSERT INTO question(id,title,votes_difference) VALUES (2,'How can you find out which process is listening on a TCP or UDP port on Windows?',0);
INSERT INTO question(id,title,votes_difference) VALUES (3,'Whats the difference between backing up my photos on iPhone and storing them in iCloud?',4);
INSERT INTO question(id,title,votes_difference) VALUES (4,'How can I install pip on Windows?',-3);
INSERT INTO question(id,title,votes_difference) VALUES (5,'How to remove the Flutter debug banner?',1);
INSERT INTO question(id,title,votes_difference) VALUES (6,'PS4 free monthly games',5);
INSERT INTO question(id,title,votes_difference) VALUES (7,'Beginning AI programming',-2);
INSERT INTO question(id,title,votes_difference) VALUES (8,'What does the z-buffer look like in memory?',-1);
INSERT INTO question(id,title,votes_difference) VALUES (9,'Disable info popups on YouTube app',1);
INSERT INTO question(id,title,votes_difference) VALUES (10,'Can comments be used in JSON?',1);



-- ANSWER TABLE
INSERT INTO answer(content_id,votes_difference,question_id) VALUES (11,-1,1);
INSERT INTO answer(content_id,votes_difference,question_id) VALUES (12,4,1);
INSERT INTO answer(content_id,votes_difference,question_id) VALUES (13,2,2);
INSERT INTO answer(content_id,votes_difference,question_id) VALUES (14,4,3);
INSERT INTO answer(content_id,votes_difference,question_id) VALUES (15,-1,4);
INSERT INTO answer(content_id,votes_difference,question_id) VALUES (16,2,5);
INSERT INTO answer(content_id,votes_difference,question_id) VALUES (17,-1,6);
INSERT INTO answer(content_id,votes_difference,question_id) VALUES (18,4,7);
INSERT INTO answer(content_id,votes_difference,question_id) VALUES (19,3,8);
INSERT INTO answer(content_id,votes_difference,question_id) VALUES (20,0,10);



-- ANSWER COMMENT TABLE
INSERT INTO answer_comment(content_id,answer_id) VALUES (21,11);
INSERT INTO answer_comment(content_id,answer_id) VALUES (22,11);
INSERT INTO answer_comment(content_id,answer_id) VALUES (23,11);
INSERT INTO answer_comment(content_id,answer_id) VALUES (24,11);
INSERT INTO answer_comment(content_id,answer_id) VALUES (25,11);
INSERT INTO answer_comment(content_id,answer_id) VALUES (26,11);
INSERT INTO answer_comment(content_id,answer_id) VALUES (27,12);
INSERT INTO answer_comment(content_id,answer_id) VALUES (28,12);
INSERT INTO answer_comment(content_id,answer_id) VALUES (29,14);
INSERT INTO answer_comment(content_id,answer_id) VALUES (30,14);



-- QUESTION COMMENT TABLE
INSERT INTO answer_comment(content_id,question_id) VALUES (31,1);
INSERT INTO answer_comment(content_id,question_id) VALUES (32,1);



-- MODERATOR TABLE
INSERT INTO moderator("user_id",questions_deleted,answers_deleted,comments_deleted,banned_users,solved_reports) VALUES (1,0,2,0,1,1);
INSERT INTO moderator("user_id",questions_deleted,answers_deleted,comments_deleted,banned_users,solved_reports) VALUES (2,2,1,0,2,0);
INSERT INTO moderator("user_id",questions_deleted,answers_deleted,comments_deleted,banned_users,solved_reports) VALUES (3,0,0,0,0,0);
INSERT INTO moderator("user_id",questions_deleted,answers_deleted,comments_deleted,banned_users,solved_reports) VALUES (4,1,0,0,3,2);



-- NOTIFICATION TABLE
INSERT INTO notification(id,type,content,"date","user_id") VALUES (1,'a','ola','2021-03-11 10:16:07',5);
INSERT INTO notification(id,type,content,"date","user_id") VALUES (2,'b','ola','2021-03-13 10:16:07.104000',6);
INSERT INTO notification(id,type,content,"date","user_id") VALUES (3,'c','ola','2021-03-15 10:16:07.104000',7);
INSERT INTO notification(id,type,content,"date","user_id") VALUES (4,'a','ola','2021-03-17 10:16:07.104000',8);
INSERT INTO notification(id,type,content,"date","user_id") VALUES (5,'b','ola','2021-03-19 10:16:07.104000',9);



-- BAN TABLE
INSERT INTO ban(id,"start","end",reason,"user_id", moderator_id) VALUES (1,'2020-10-23 12:12:45','2020-10-30 04:41:42','User showed a growing pattern of rudeness',17,1);
INSERT INTO ban(id,"start","end",reason,"user_id", moderator_id) VALUES (2,'2020-03-21 21:33:43','2020-04-21 09:00:08','User gravely disrespected terms of service in post',10,2);
INSERT INTO ban(id,"start","end",reason,"user_id", moderator_id) VALUES (3,'2020-02-22 19:18:15','2021-02-22 13:47:58','User harrassed multiple users with comments',8,2);



-- REPORT TABLE
INSERT INTO report(id,"description",solved,reporter_id,solver_id) VALUES (1,'This user is continuously being rude and insulting','True',7,3);
INSERT INTO report(id,"description",solved,reporter_id,solver_id) VALUES (2,'I am pretty confident this user gravely disrespected terms of service and community guidelines with this post','True',9,2);
INSERT INTO report(id,"description",solved,reporter_id,solver_id) VALUES (3,'I don''t think this content should be up','False',11,1);
INSERT INTO report(id,"description",solved,reporter_id,solver_id) VALUES (4,'This user is harrassing a group of people with their comments','True',5,3);
INSERT INTO report(id,"description",solved,reporter_id,solver_id) VALUES (5,'I think this content violates community guidelines','False',6,3);



-- USER REPORT TABLE
INSERT INTO user_report(report_id,"user_id") VALUES (1,17);
INSERT INTO user_report(report_id,"user_id") VALUES (2,10);
INSERT INTO user_report(report_id,"user_id") VALUES (4,8);



-- CONTENT REPORT TABLE
INSERT INTO content_report(report_id,content_id) VALUES (3,4);
INSERT INTO content_report(report_id,content_id) VALUES (5,9);



-- FOLLOW TAG TABLE
INSERT INTO follow_tag(tag_id,"user_id") VALUES (9,1);
INSERT INTO follow_tag(tag_id,"user_id") VALUES (43,6);
INSERT INTO follow_tag(tag_id,"user_id") VALUES (23,11);
INSERT INTO follow_tag(tag_id,"user_id") VALUES (3,16);
INSERT INTO follow_tag(tag_id,"user_id") VALUES (4,11);
INSERT INTO follow_tag(tag_id,"user_id") VALUES (8,6);
INSERT INTO follow_tag(tag_id,"user_id") VALUES (24,11);
INSERT INTO follow_tag(tag_id,"user_id") VALUES (38,17);
INSERT INTO follow_tag(tag_id,"user_id") VALUES (16,9);
INSERT INTO follow_tag(tag_id,"user_id") VALUES (14,12);
INSERT INTO follow_tag(tag_id,"user_id") VALUES (40,12);
INSERT INTO follow_tag(tag_id,"user_id") VALUES (14,16);
INSERT INTO follow_tag(tag_id,"user_id") VALUES (10,5);
INSERT INTO follow_tag(tag_id,"user_id") VALUES (6,8);
INSERT INTO follow_tag(tag_id,"user_id") VALUES (10,9);
INSERT INTO follow_tag(tag_id,"user_id") VALUES (19,15);
INSERT INTO follow_tag(tag_id,"user_id") VALUES (46,13);
INSERT INTO follow_tag(tag_id,"user_id") VALUES (47,6);
INSERT INTO follow_tag(tag_id,"user_id") VALUES (34,16);
INSERT INTO follow_tag(tag_id,"user_id") VALUES (47,11);
INSERT INTO follow_tag(tag_id,"user_id") VALUES (33,17);
INSERT INTO follow_tag(tag_id,"user_id") VALUES (42,5);
INSERT INTO follow_tag(tag_id,"user_id") VALUES (46,11);
INSERT INTO follow_tag(tag_id,"user_id") VALUES (3,19);
INSERT INTO follow_tag(tag_id,"user_id") VALUES (23,7);
INSERT INTO follow_tag(tag_id,"user_id") VALUES (29,6);
INSERT INTO follow_tag(tag_id,"user_id") VALUES (35,18);
INSERT INTO follow_tag(tag_id,"user_id") VALUES (10,7);
INSERT INTO follow_tag(tag_id,"user_id") VALUES (23,14);
INSERT INTO follow_tag(tag_id,"user_id") VALUES (10,6);
INSERT INTO follow_tag(tag_id,"user_id") VALUES (15,8);
INSERT INTO follow_tag(tag_id,"user_id") VALUES (37,18);
INSERT INTO follow_tag(tag_id,"user_id") VALUES (9,19);
INSERT INTO follow_tag(tag_id,"user_id") VALUES (19,8);
INSERT INTO follow_tag(tag_id,"user_id") VALUES (23,17);
INSERT INTO follow_tag(tag_id,"user_id") VALUES (39,16);
INSERT INTO follow_tag(tag_id,"user_id") VALUES (48,18);
INSERT INTO follow_tag(tag_id,"user_id") VALUES (10,12);
INSERT INTO follow_tag(tag_id,"user_id") VALUES (13,17);
INSERT INTO follow_tag(tag_id,"user_id") VALUES (43,16);
INSERT INTO follow_tag(tag_id,"user_id") VALUES (7,17);
INSERT INTO follow_tag(tag_id,"user_id") VALUES (41,18);
INSERT INTO follow_tag(tag_id,"user_id") VALUES (25,11);
INSERT INTO follow_tag(tag_id,"user_id") VALUES (27,14);
INSERT INTO follow_tag(tag_id,"user_id") VALUES (7,9);
INSERT INTO follow_tag(tag_id,"user_id") VALUES (11,16);
INSERT INTO follow_tag(tag_id,"user_id") VALUES (2,19);
INSERT INTO follow_tag(tag_id,"user_id") VALUES (20,14);
INSERT INTO follow_tag(tag_id,"user_id") VALUES (21,6);
INSERT INTO follow_tag(tag_id,"user_id") VALUES (12,10);
INSERT INTO follow_tag(tag_id,"user_id") VALUES (6,15);
INSERT INTO follow_tag(tag_id,"user_id") VALUES (24,8);
INSERT INTO follow_tag(tag_id,"user_id") VALUES (20,5);
INSERT INTO follow_tag(tag_id,"user_id") VALUES (12,11);
INSERT INTO follow_tag(tag_id,"user_id") VALUES (3,19);
INSERT INTO follow_tag(tag_id,"user_id") VALUES (44,16);
INSERT INTO follow_tag(tag_id,"user_id") VALUES (2,19);
INSERT INTO follow_tag(tag_id,"user_id") VALUES (40,15);
INSERT INTO follow_tag(tag_id,"user_id") VALUES (47,9);
INSERT INTO follow_tag(tag_id,"user_id") VALUES (34,15);
INSERT INTO follow_tag(tag_id,"user_id") VALUES (46,12);
INSERT INTO follow_tag(tag_id,"user_id") VALUES (50,5);
INSERT INTO follow_tag(tag_id,"user_id") VALUES (10,16);
INSERT INTO follow_tag(tag_id,"user_id") VALUES (8,10);
INSERT INTO follow_tag(tag_id,"user_id") VALUES (26,19);
INSERT INTO follow_tag(tag_id,"user_id") VALUES (17,7);
INSERT INTO follow_tag(tag_id,"user_id") VALUES (34,6);
INSERT INTO follow_tag(tag_id,"user_id") VALUES (31,13);
INSERT INTO follow_tag(tag_id,"user_id") VALUES (4,17);
INSERT INTO follow_tag(tag_id,"user_id") VALUES (30,14);
INSERT INTO follow_tag(tag_id,"user_id") VALUES (28,6);
INSERT INTO follow_tag(tag_id,"user_id") VALUES (48,18);
INSERT INTO follow_tag(tag_id,"user_id") VALUES (34,20);
INSERT INTO follow_tag(tag_id,"user_id") VALUES (15,9);
INSERT INTO follow_tag(tag_id,"user_id") VALUES (36,19);
INSERT INTO follow_tag(tag_id,"user_id") VALUES (12,6);
INSERT INTO follow_tag(tag_id,"user_id") VALUES (11,9);
INSERT INTO follow_tag(tag_id,"user_id") VALUES (9,9);
INSERT INTO follow_tag(tag_id,"user_id") VALUES (47,8);
INSERT INTO follow_tag(tag_id,"user_id") VALUES (21,16);
INSERT INTO follow_tag(tag_id,"user_id") VALUES (50,12);
INSERT INTO follow_tag(tag_id,"user_id") VALUES (33,4);
INSERT INTO follow_tag(tag_id,"user_id") VALUES (7,20);
INSERT INTO follow_tag(tag_id,"user_id") VALUES (36,9);
INSERT INTO follow_tag(tag_id,"user_id") VALUES (11,19);
INSERT INTO follow_tag(tag_id,"user_id") VALUES (31,6);
INSERT INTO follow_tag(tag_id,"user_id") VALUES (5,7);
INSERT INTO follow_tag(tag_id,"user_id") VALUES (44,6);
INSERT INTO follow_tag(tag_id,"user_id") VALUES (41,19);
INSERT INTO follow_tag(tag_id,"user_id") VALUES (27,9);
INSERT INTO follow_tag(tag_id,"user_id") VALUES (30,18);
INSERT INTO follow_tag(tag_id,"user_id") VALUES (18,15);
INSERT INTO follow_tag(tag_id,"user_id") VALUES (40,15);
INSERT INTO follow_tag(tag_id,"user_id") VALUES (16,10);
INSERT INTO follow_tag(tag_id,"user_id") VALUES (11,9);
INSERT INTO follow_tag(tag_id,"user_id") VALUES (19,13);
INSERT INTO follow_tag(tag_id,"user_id") VALUES (21,18);
INSERT INTO follow_tag(tag_id,"user_id") VALUES (15,5);
INSERT INTO follow_tag(tag_id,"user_id") VALUES (33,19);
INSERT INTO follow_tag(tag_id,"user_id") VALUES (32,20);
INSERT INTO follow_tag(tag_id,"user_id") VALUES (47,16);
INSERT INTO follow_tag(tag_id,"user_id") VALUES (25,5);
INSERT INTO follow_tag(tag_id,"user_id") VALUES (34,11);
INSERT INTO follow_tag(tag_id,"user_id") VALUES (8,10);
INSERT INTO follow_tag(tag_id,"user_id") VALUES (7,10);
INSERT INTO follow_tag(tag_id,"user_id") VALUES (50,8);
INSERT INTO follow_tag(tag_id,"user_id") VALUES (21,16);
INSERT INTO follow_tag(tag_id,"user_id") VALUES (37,7);
INSERT INTO follow_tag(tag_id,"user_id") VALUES (33,7);
INSERT INTO follow_tag(tag_id,"user_id") VALUES (25,17);
INSERT INTO follow_tag(tag_id,"user_id") VALUES (5,7);
INSERT INTO follow_tag(tag_id,"user_id") VALUES (40,18);
INSERT INTO follow_tag(tag_id,"user_id") VALUES (47,14);
INSERT INTO follow_tag(tag_id,"user_id") VALUES (40,11);
INSERT INTO follow_tag(tag_id,"user_id") VALUES (12,11);
INSERT INTO follow_tag(tag_id,"user_id") VALUES (33,20);
INSERT INTO follow_tag(tag_id,"user_id") VALUES (50,13);
INSERT INTO follow_tag(tag_id,"user_id") VALUES (31,11);
INSERT INTO follow_tag(tag_id,"user_id") VALUES (35,9);
INSERT INTO follow_tag(tag_id,"user_id") VALUES (25,13);
INSERT INTO follow_tag(tag_id,"user_id") VALUES (17,5);
INSERT INTO follow_tag(tag_id,"user_id") VALUES (6,13);
INSERT INTO follow_tag(tag_id,"user_id") VALUES (33,12);
INSERT INTO follow_tag(tag_id,"user_id") VALUES (13,6);
INSERT INTO follow_tag(tag_id,"user_id") VALUES (43,10);
INSERT INTO follow_tag(tag_id,"user_id") VALUES (8,12);
INSERT INTO follow_tag(tag_id,"user_id") VALUES (35,5);
INSERT INTO follow_tag(tag_id,"user_id") VALUES (3,6);
INSERT INTO follow_tag(tag_id,"user_id") VALUES (28,18);
INSERT INTO follow_tag(tag_id,"user_id") VALUES (49,17);
INSERT INTO follow_tag(tag_id,"user_id") VALUES (28,19);
INSERT INTO follow_tag(tag_id,"user_id") VALUES (12,9);
INSERT INTO follow_tag(tag_id,"user_id") VALUES (29,12);
INSERT INTO follow_tag(tag_id,"user_id") VALUES (28,7);
INSERT INTO follow_tag(tag_id,"user_id") VALUES (16,12);
INSERT INTO follow_tag(tag_id,"user_id") VALUES (35,7);
INSERT INTO follow_tag(tag_id,"user_id") VALUES (2,15);
INSERT INTO follow_tag(tag_id,"user_id") VALUES (22,15);
INSERT INTO follow_tag(tag_id,"user_id") VALUES (10,11);
INSERT INTO follow_tag(tag_id,"user_id") VALUES (31,12);
INSERT INTO follow_tag(tag_id,"user_id") VALUES (46,5);
INSERT INTO follow_tag(tag_id,"user_id") VALUES (24,12);
INSERT INTO follow_tag(tag_id,"user_id") VALUES (33,14);
INSERT INTO follow_tag(tag_id,"user_id") VALUES (6,7);
INSERT INTO follow_tag(tag_id,"user_id") VALUES (42,5);
INSERT INTO follow_tag(tag_id,"user_id") VALUES (11,20);
INSERT INTO follow_tag(tag_id,"user_id") VALUES (33,20);
INSERT INTO follow_tag(tag_id,"user_id") VALUES (34,5);
INSERT INTO follow_tag(tag_id,"user_id") VALUES (31,5);
INSERT INTO follow_tag(tag_id,"user_id") VALUES (2,5);
INSERT INTO follow_tag(tag_id,"user_id") VALUES (7,13);
INSERT INTO follow_tag(tag_id,"user_id") VALUES (23,17);
INSERT INTO follow_tag(tag_id,"user_id") VALUES (11,5);
INSERT INTO follow_tag(tag_id,"user_id") VALUES (8,14);
INSERT INTO follow_tag(tag_id,"user_id") VALUES (47,20);
INSERT INTO follow_tag(tag_id,"user_id") VALUES (27,19);
INSERT INTO follow_tag(tag_id,"user_id") VALUES (29,6);
INSERT INTO follow_tag(tag_id,"user_id") VALUES (16,12);
INSERT INTO follow_tag(tag_id,"user_id") VALUES (47,14);
INSERT INTO follow_tag(tag_id,"user_id") VALUES (6,7);
INSERT INTO follow_tag(tag_id,"user_id") VALUES (6,7);
INSERT INTO follow_tag(tag_id,"user_id") VALUES (17,8);
INSERT INTO follow_tag(tag_id,"user_id") VALUES (1,12);
INSERT INTO follow_tag(tag_id,"user_id") VALUES (26,16);
INSERT INTO follow_tag(tag_id,"user_id") VALUES (41,18);
INSERT INTO follow_tag(tag_id,"user_id") VALUES (42,19);
INSERT INTO follow_tag(tag_id,"user_id") VALUES (19,14);
INSERT INTO follow_tag(tag_id,"user_id") VALUES (15,9);
INSERT INTO follow_tag(tag_id,"user_id") VALUES (50,13);
INSERT INTO follow_tag(tag_id,"user_id") VALUES (47,12);
INSERT INTO follow_tag(tag_id,"user_id") VALUES (33,7);
INSERT INTO follow_tag(tag_id,"user_id") VALUES (28,19);
INSERT INTO follow_tag(tag_id,"user_id") VALUES (10,15);
INSERT INTO follow_tag(tag_id,"user_id") VALUES (27,13);
INSERT INTO follow_tag(tag_id,"user_id") VALUES (33,11);
INSERT INTO follow_tag(tag_id,"user_id") VALUES (4,15);
INSERT INTO follow_tag(tag_id,"user_id") VALUES (6,8);
INSERT INTO follow_tag(tag_id,"user_id") VALUES (31,16);
INSERT INTO follow_tag(tag_id,"user_id") VALUES (31,18);
INSERT INTO follow_tag(tag_id,"user_id") VALUES (7,5);
INSERT INTO follow_tag(tag_id,"user_id") VALUES (7,16);
INSERT INTO follow_tag(tag_id,"user_id") VALUES (21,8);
INSERT INTO follow_tag(tag_id,"user_id") VALUES (40,17);
INSERT INTO follow_tag(tag_id,"user_id") VALUES (19,5);
INSERT INTO follow_tag(tag_id,"user_id") VALUES (19,9);
INSERT INTO follow_tag(tag_id,"user_id") VALUES (18,9);
INSERT INTO follow_tag(tag_id,"user_id") VALUES (9,7);
INSERT INTO follow_tag(tag_id,"user_id") VALUES (42,12);
INSERT INTO follow_tag(tag_id,"user_id") VALUES (27,9);
INSERT INTO follow_tag(tag_id,"user_id") VALUES (44,9);
INSERT INTO follow_tag(tag_id,"user_id") VALUES (40,6);
INSERT INTO follow_tag(tag_id,"user_id") VALUES (13,14);
INSERT INTO follow_tag(tag_id,"user_id") VALUES (8,17);
INSERT INTO follow_tag(tag_id,"user_id") VALUES (4,19);
INSERT INTO follow_tag(tag_id,"user_id") VALUES (9,7);
INSERT INTO follow_tag(tag_id,"user_id") VALUES (26,6);
INSERT INTO follow_tag(tag_id,"user_id") VALUES (28,8);
INSERT INTO follow_tag(tag_id,"user_id") VALUES (1,17);
INSERT INTO follow_tag(tag_id,"user_id") VALUES (40,20);
INSERT INTO follow_tag(tag_id,"user_id") VALUES (18,19);



-- USER VOTE QUESTION TABLE
INSERT INTO user_vote_question("user_id",question_id,vote) VALUES (1,3,1);
INSERT INTO user_vote_question("user_id",question_id,vote) VALUES (11,14,1);
INSERT INTO user_vote_question("user_id",question_id,vote) VALUES (12,5,1);
INSERT INTO user_vote_question("user_id",question_id,vote) VALUES (19,2,1);
INSERT INTO user_vote_question("user_id",question_id,vote) VALUES (11,3,-1);
INSERT INTO user_vote_question("user_id",question_id,vote) VALUES (10,3,1);
INSERT INTO user_vote_question("user_id",question_id,vote) VALUES (5,7,-1);
INSERT INTO user_vote_question("user_id",question_id,vote) VALUES (20,10,1);
INSERT INTO user_vote_question("user_id",question_id,vote) VALUES (19,9,1);
INSERT INTO user_vote_question("user_id",question_id,vote) VALUES (20,11,1);
INSERT INTO user_vote_question("user_id",question_id,vote) VALUES (15,4,1);
INSERT INTO user_vote_question("user_id",question_id,vote) VALUES (6,6,1);
INSERT INTO user_vote_question("user_id",question_id,vote) VALUES (7,13,-1);
INSERT INTO user_vote_question("user_id",question_id,vote) VALUES (9,11,1);
INSERT INTO user_vote_question("user_id",question_id,vote) VALUES (14,4,1);
INSERT INTO user_vote_question("user_id",question_id,vote) VALUES (9,11,-1);
INSERT INTO user_vote_question("user_id",question_id,vote) VALUES (7,15,1);
INSERT INTO user_vote_question("user_id",question_id,vote) VALUES (19,4,1);
INSERT INTO user_vote_question("user_id",question_id,vote) VALUES (16,8,1);
INSERT INTO user_vote_question("user_id",question_id,vote) VALUES (15,7,1);
INSERT INTO user_vote_question("user_id",question_id,vote) VALUES (11,8,-1);
INSERT INTO user_vote_question("user_id",question_id,vote) VALUES (12,7,1);
INSERT INTO user_vote_question("user_id",question_id,vote) VALUES (16,5,-1);
INSERT INTO user_vote_question("user_id",question_id,vote) VALUES (7,6,1);
INSERT INTO user_vote_question("user_id",question_id,vote) VALUES (16,10,1);
INSERT INTO user_vote_question("user_id",question_id,vote) VALUES (17,3,1);
INSERT INTO user_vote_question("user_id",question_id,vote) VALUES (15,5,1);
INSERT INTO user_vote_question("user_id",question_id,vote) VALUES (12,1,1);
INSERT INTO user_vote_question("user_id",question_id,vote) VALUES (11,2,1);
INSERT INTO user_vote_question("user_id",question_id,vote) VALUES (18,12,1);
INSERT INTO user_vote_question("user_id",question_id,vote) VALUES (9,9,-1);
INSERT INTO user_vote_question("user_id",question_id,vote) VALUES (5,9,1);
INSERT INTO user_vote_question("user_id",question_id,vote) VALUES (18,7,1);
INSERT INTO user_vote_question("user_id",question_id,vote) VALUES (10,7,-1);
INSERT INTO user_vote_question("user_id",question_id,vote) VALUES (13,1,1);
INSERT INTO user_vote_question("user_id",question_id,vote) VALUES (18,15,1);
INSERT INTO user_vote_question("user_id",question_id,vote) VALUES (10,11,1);
INSERT INTO user_vote_question("user_id",question_id,vote) VALUES (19,9,1);
INSERT INTO user_vote_question("user_id",question_id,vote) VALUES (10,8,-1);
INSERT INTO user_vote_question("user_id",question_id,vote) VALUES (10,10,-1);
INSERT INTO user_vote_question("user_id",question_id,vote) VALUES (5,2,1);
INSERT INTO user_vote_question("user_id",question_id,vote) VALUES (13,3,-1);
INSERT INTO user_vote_question("user_id",question_id,vote) VALUES (5,8,1);
INSERT INTO user_vote_question("user_id",question_id,vote) VALUES (8,7,1);
INSERT INTO user_vote_question("user_id",question_id,vote) VALUES (17,7,1);
INSERT INTO user_vote_question("user_id",question_id,vote) VALUES (12,5,1);
INSERT INTO user_vote_question("user_id",question_id,vote) VALUES (15,7,1);
INSERT INTO user_vote_question("user_id",question_id,vote) VALUES (12,14,1);
INSERT INTO user_vote_question("user_id",question_id,vote) VALUES (18,6,1);
INSERT INTO user_vote_question("user_id",question_id,vote) VALUES (18,12,1);
INSERT INTO user_vote_question("user_id",question_id,vote) VALUES (18,10,1);
INSERT INTO user_vote_question("user_id",question_id,vote) VALUES (9,11,1);
INSERT INTO user_vote_question("user_id",question_id,vote) VALUES (10,10,1);
INSERT INTO user_vote_question("user_id",question_id,vote) VALUES (16,1,1);
INSERT INTO user_vote_question("user_id",question_id,vote) VALUES (18,14,-1);
INSERT INTO user_vote_question("user_id",question_id,vote) VALUES (8,4,1);
INSERT INTO user_vote_question("user_id",question_id,vote) VALUES (13,9,1);
INSERT INTO user_vote_question("user_id",question_id,vote) VALUES (20,9,1);
INSERT INTO user_vote_question("user_id",question_id,vote) VALUES (14,9,1);
INSERT INTO user_vote_question("user_id",question_id,vote) VALUES (6,8,1);
INSERT INTO user_vote_question("user_id",question_id,vote) VALUES (17,12,1);
INSERT INTO user_vote_question("user_id",question_id,vote) VALUES (7,15,1);
INSERT INTO user_vote_question("user_id",question_id,vote) VALUES (9,14,1);
INSERT INTO user_vote_question("user_id",question_id,vote) VALUES (10,11,1);
INSERT INTO user_vote_question("user_id",question_id,vote) VALUES (11,4,1);
INSERT INTO user_vote_question("user_id",question_id,vote) VALUES (16,10,1);
INSERT INTO user_vote_question("user_id",question_id,vote) VALUES (16,9,1);
INSERT INTO user_vote_question("user_id",question_id,vote) VALUES (16,7,1);
INSERT INTO user_vote_question("user_id",question_id,vote) VALUES (18,12,1);
INSERT INTO user_vote_question("user_id",question_id,vote) VALUES (8,2,1);
INSERT INTO user_vote_question("user_id",question_id,vote) VALUES (19,4,1);
INSERT INTO user_vote_question("user_id",question_id,vote) VALUES (20,14,1);
INSERT INTO user_vote_question("user_id",question_id,vote) VALUES (8,12,-1);
INSERT INTO user_vote_question("user_id",question_id,vote) VALUES (20,3,-1);
INSERT INTO user_vote_question("user_id",question_id,vote) VALUES (9,3,1);
INSERT INTO user_vote_question("user_id",question_id,vote) VALUES (17,6,1);
INSERT INTO user_vote_question("user_id",question_id,vote) VALUES (12,9,1);
INSERT INTO user_vote_question("user_id",question_id,vote) VALUES (16,5,1);
INSERT INTO user_vote_question("user_id",question_id,vote) VALUES (9,4,-1);
INSERT INTO user_vote_question("user_id",question_id,vote) VALUES (8,10,1);
INSERT INTO user_vote_question("user_id",question_id,vote) VALUES (19,4,1);
INSERT INTO user_vote_question("user_id",question_id,vote) VALUES (13,3,1);
INSERT INTO user_vote_question("user_id",question_id,vote) VALUES (8,4,1);
INSERT INTO user_vote_question("user_id",question_id,vote) VALUES (4,14,1);
INSERT INTO user_vote_question("user_id",question_id,vote) VALUES (8,11,1);
INSERT INTO user_vote_question("user_id",question_id,vote) VALUES (8,3,1);
INSERT INTO user_vote_question("user_id",question_id,vote) VALUES (13,11,1);
INSERT INTO user_vote_question("user_id",question_id,vote) VALUES (6,10,1);
INSERT INTO user_vote_question("user_id",question_id,vote) VALUES (20,10,-1);
INSERT INTO user_vote_question("user_id",question_id,vote) VALUES (13,13,1);
INSERT INTO user_vote_question("user_id",question_id,vote) VALUES (8,10,1);
INSERT INTO user_vote_question("user_id",question_id,vote) VALUES (8,13,-1);
INSERT INTO user_vote_question("user_id",question_id,vote) VALUES (8,15,-1);
INSERT INTO user_vote_question("user_id",question_id,vote) VALUES (17,7,-1);
INSERT INTO user_vote_question("user_id",question_id,vote) VALUES (7,12,-1);
INSERT INTO user_vote_question("user_id",question_id,vote) VALUES (16,13,-1);
INSERT INTO user_vote_question("user_id",question_id,vote) VALUES (20,4,1);
INSERT INTO user_vote_question("user_id",question_id,vote) VALUES (9,14,-1);
INSERT INTO user_vote_question("user_id",question_id,vote) VALUES (13,2,-1);
INSERT INTO user_vote_question("user_id",question_id,vote) VALUES (5,10,1);



-- USER VOTE ANSWER TABLE
INSERT INTO user_vote_answer("user_id",answer_id,vote) VALUES (14,23,1);
INSERT INTO user_vote_answer("user_id",answer_id,vote) VALUES (15,20,1);
INSERT INTO user_vote_answer("user_id",answer_id,vote) VALUES (9,29,-1);
INSERT INTO user_vote_answer("user_id",answer_id,vote) VALUES (4,16,1);
INSERT INTO user_vote_answer("user_id",answer_id,vote) VALUES (8,27,1);
INSERT INTO user_vote_answer("user_id",answer_id,vote) VALUES (6,25,-1);
INSERT INTO user_vote_answer("user_id",answer_id,vote) VALUES (6,27,1);
INSERT INTO user_vote_answer("user_id",answer_id,vote) VALUES (14,25,-1);
INSERT INTO user_vote_answer("user_id",answer_id,vote) VALUES (12,20,1);
INSERT INTO user_vote_answer("user_id",answer_id,vote) VALUES (9,19,1);
INSERT INTO user_vote_answer("user_id",answer_id,vote) VALUES (12,20,1);
INSERT INTO user_vote_answer("user_id",answer_id,vote) VALUES (12,19,1);
INSERT INTO user_vote_answer("user_id",answer_id,vote) VALUES (18,16,1);
INSERT INTO user_vote_answer("user_id",answer_id,vote) VALUES (5,24,1);
INSERT INTO user_vote_answer("user_id",answer_id,vote) VALUES (12,21,1);
INSERT INTO user_vote_answer("user_id",answer_id,vote) VALUES (10,30,1);
INSERT INTO user_vote_answer("user_id",answer_id,vote) VALUES (18,22,1);
INSERT INTO user_vote_answer("user_id",answer_id,vote) VALUES (11,16,-1);
INSERT INTO user_vote_answer("user_id",answer_id,vote) VALUES (6,24,-1);
INSERT INTO user_vote_answer("user_id",answer_id,vote) VALUES (16,30,1);



-- SAVED QUESTION TABLE
INSERT INTO saved_question("user_id",question_id) VALUES (15,14);
INSERT INTO saved_question("user_id",question_id) VALUES (16,8);
INSERT INTO saved_question("user_id",question_id) VALUES (4,14);
INSERT INTO saved_question("user_id",question_id) VALUES (7,1);
INSERT INTO saved_question("user_id",question_id) VALUES (11,6);
INSERT INTO saved_question("user_id",question_id) VALUES (12,6);
INSERT INTO saved_question("user_id",question_id) VALUES (18,10);
INSERT INTO saved_question("user_id",question_id) VALUES (13,7);
INSERT INTO saved_question("user_id",question_id) VALUES (14,11);
INSERT INTO saved_question("user_id",question_id) VALUES (9,1);
INSERT INTO saved_question("user_id",question_id) VALUES (11,4);
INSERT INTO saved_question("user_id",question_id) VALUES (11,2);
INSERT INTO saved_question("user_id",question_id) VALUES (16,5);
INSERT INTO saved_question("user_id",question_id) VALUES (14,14);
INSERT INTO saved_question("user_id",question_id) VALUES (14,11);
INSERT INTO saved_question("user_id",question_id) VALUES (7,8);
INSERT INTO saved_question("user_id",question_id) VALUES (14,9);
INSERT INTO saved_question("user_id",question_id) VALUES (20,10);
INSERT INTO saved_question("user_id",question_id) VALUES (10,8);
INSERT INTO saved_question("user_id",question_id) VALUES (6,11);



-- QUESTION TAG TABLE
INSERT INTO question_tag(question_id,tag_id) VALUES (1,19);
INSERT INTO question_tag(question_id,tag_id) VALUES (1,8);
INSERT INTO question_tag(question_id,tag_id) VALUES (2,1);
INSERT INTO question_tag(question_id,tag_id) VALUES (2,64);
INSERT INTO question_tag(question_id,tag_id) VALUES (3,36);
INSERT INTO question_tag(question_id,tag_id) VALUES (3,51);
INSERT INTO question_tag(question_id,tag_id) VALUES (3,43);
INSERT INTO question_tag(question_id,tag_id) VALUES (4,14);
INSERT INTO question_tag(question_id,tag_id) VALUES (4,1);
INSERT INTO question_tag(question_id,tag_id) VALUES (5,39);
INSERT INTO question_tag(question_id,tag_id) VALUES (5,35);
INSERT INTO question_tag(question_id,tag_id) VALUES (6,46);
INSERT INTO question_tag(question_id,tag_id) VALUES (7,34);
INSERT INTO question_tag(question_id,tag_id) VALUES (7,33);
INSERT INTO question_tag(question_id,tag_id) VALUES (8,41);
INSERT INTO question_tag(question_id,tag_id) VALUES (8,62);
INSERT INTO question_tag(question_id,tag_id) VALUES (9,65);
INSERT INTO question_tag(question_id,tag_id) VALUES (9,35);
INSERT INTO question_tag(question_id,tag_id) VALUES (10,27);
